timestamp,open,high,low,close,volume
2025-08-03T07:10:00+00:00,113629.22,113675.42,113629.21,113675.41,12.13757
2025-08-03T07:15:00+00:00,113675.41,113693.71,113629.37,113629.47,13.41295
2025-08-03T07:20:00+00:00,113629.46,113646.01,113629.46,113646.0,9.87494
2025-08-03T07:25:00+00:00,113646.01,113712.88,113646.0,113712.87,13.10833
2025-08-03T07:30:00+00:00,113712.87,113720.16,113680.0,113680.0,10.86213
2025-08-03T07:35:00+00:00,113680.01,113719.03,113666.75,113680.86,12.13188
2025-08-03T07:40:00+00:00,113680.86,113700.01,113666.76,113700.0,9.46743
2025-08-03T07:45:00+00:00,113700.01,113700.01,113663.31,113670.77,11.55009
2025-08-03T07:50:00+00:00,113670.77,113700.01,113670.76,113695.26,10.0242
2025-08-03T07:55:00+00:00,113695.27,113700.0,113669.25,113700.0,39.36212
2025-08-03T08:00:00+00:00,113700.0,113734.6,113699.99,113734.59,28.93703
2025-08-03T08:05:00+00:00,113734.6,113773.09,113734.59,113773.09,28.03662
2025-08-03T08:10:00+00:00,113773.09,113780.0,113773.08,113779.99,17.93094
2025-08-03T08:15:00+00:00,113780.0,113790.0,113779.99,113789.99,15.67386
2025-08-03T08:20:00+00:00,113790.0,113790.0,113720.97,113720.98,20.13248
2025-08-03T08:25:00+00:00,113720.97,113720.98,113680.62,113680.62,20.6017
2025-08-03T08:30:00+00:00,113680.63,113680.63,113619.79,113643.99,46.84548
2025-08-03T08:35:00+00:00,113644.0,113644.0,113581.4,113600.91,14.79381
2025-08-03T08:40:00+00:00,113600.91,113603.0,113594.58,113600.0,23.40344
2025-08-03T08:45:00+00:00,113600.0,113601.42,113551.0,113593.12,21.95385
2025-08-03T08:50:00+00:00,113593.12,113659.32,113593.11,113650.0,15.47637
2025-08-03T08:55:00+00:00,113650.01,113697.02,113621.5,113692.0,28.59916
2025-08-03T09:00:00+00:00,113692.01,113710.51,113670.46,113685.01,33.19461
2025-08-03T09:05:00+00:00,113685.01,113691.8,113641.67,113641.68,16.29022
2025-08-03T09:10:00+00:00,113641.68,113691.8,113630.3,113674.01,25.03757
2025-08-03T09:15:00+00:00,113674.01,113687.71,113630.62,113638.0,17.61228
2025-08-03T09:20:00+00:00,113638.0,113680.0,113630.62,113679.99,28.14718
2025-08-03T09:25:00+00:00,113679.99,113691.75,113631.46,113659.99,15.94076
2025-08-03T09:30:00+00:00,113659.98,113692.47,113659.98,113670.01,18.89543
2025-08-03T09:35:00+00:00,113670.0,113685.97,113634.52,113662.94,43.2714
2025-08-03T09:40:00+00:00,113662.93,113682.88,113662.93,113662.94,8.48695
2025-08-03T09:45:00+00:00,113662.94,113689.29,113662.94,113687.04,4.47881
2025-08-03T09:50:00+00:00,113687.04,113687.04,113648.23,113648.24,10.02181
2025-08-03T09:55:00+00:00,113648.23,113685.0,113648.23,113654.95,12.72243
2025-08-03T10:00:00+00:00,113654.95,113700.0,113654.94,113700.0,10.43175
2025-08-03T10:05:00+00:00,113699.99,113700.0,113699.99,113699.99,9.33182
2025-08-03T10:10:00+00:00,113700.0,113771.47,113699.99,113771.47,12.24421
2025-08-03T10:15:00+00:00,113771.46,113780.0,113753.65,113768.0,12.23554
2025-08-03T10:20:00+00:00,113767.99,113770.92,113748.07,113752.01,11.92176
2025-08-03T10:25:00+00:00,113752.01,113767.03,113752.0,113764.34,8.42513
2025-08-03T10:30:00+00:00,113764.33,113829.53,113720.01,113829.53,34.63778
2025-08-03T10:35:00+00:00,113829.53,113829.53,113799.42,113827.05,16.62741
2025-08-03T10:40:00+00:00,113827.04,113827.05,113810.54,113810.55,14.61028
2025-08-03T10:45:00+00:00,113810.54,113894.57,113806.0,113894.57,24.77448
2025-08-03T10:50:00+00:00,113894.56,113895.0,113858.8,113870.63,14.16022
2025-08-03T10:55:00+00:00,113870.64,113900.0,113870.63,113899.99,12.20778
2025-08-03T11:00:00+00:00,113899.99,113972.46,113899.99,113972.45,28.21381
2025-08-03T11:05:00+00:00,113972.46,114042.31,113972.45,114042.0,62.78285
2025-08-03T11:10:00+00:00,114042.0,114260.31,114042.0,114231.95,153.10635
2025-08-03T11:15:00+00:00,114231.95,114231.95,114076.22,114137.47,68.32255
2025-08-03T11:20:00+00:00,114137.47,114177.05,114085.61,114097.01,30.33028
2025-08-03T11:25:00+00:00,114097.01,114097.02,113996.49,114004.23,68.43902
2025-08-03T11:30:00+00:00,114004.24,114005.84,113920.88,113980.19,34.24431
2025-08-03T11:35:00+00:00,113980.19,113980.2,113902.52,113932.17,17.80773
2025-08-03T11:40:00+00:00,113932.17,113956.13,113900.49,113946.62,16.30988
2025-08-03T11:45:00+00:00,113946.62,114051.74,113946.61,114020.36,31.40838
2025-08-03T11:50:00+00:00,114020.35,114020.36,113990.43,114000.01,17.02179
2025-08-03T11:55:00+00:00,114000.01,114000.01,113861.18,113862.18,34.12947
2025-08-03T12:00:00+00:00,113862.19,113883.75,113798.16,113846.18,73.51641
2025-08-03T12:05:00+00:00,113846.18,113856.0,113792.63,113792.64,11.65109
2025-08-03T12:10:00+00:00,113792.64,113792.64,113684.86,113742.75,32.23893
2025-08-03T12:15:00+00:00,113742.75,113766.91,113656.4,113688.14,13.99443
2025-08-03T12:20:00+00:00,113688.15,113771.99,113688.15,113746.0,34.5874
2025-08-03T12:25:00+00:00,113746.01,113800.0,113746.0,113788.0,17.26826
2025-08-03T12:30:00+00:00,113788.0,113859.82,113765.86,113812.84,24.90843
2025-08-03T12:35:00+00:00,113812.84,113880.0,113812.83,113836.93,30.0837
2025-08-03T12:40:00+00:00,113836.93,114000.0,113836.92,113999.99,27.06327
2025-08-03T12:45:00+00:00,113999.99,114071.73,113966.5,114033.36,30.94195
2025-08-03T12:50:00+00:00,114033.36,114098.45,114033.35,114098.45,12.5154
2025-08-03T12:55:00+00:00,114098.45,114098.45,114000.0,114009.99,28.57561
2025-08-03T13:00:00+00:00,114010.0,114050.45,113931.51,114050.45,59.21689
2025-08-03T13:05:00+00:00,114050.45,114095.35,114017.09,114041.89,32.69299
2025-08-03T13:10:00+00:00,114041.84,114075.14,114000.0,114071.49,22.49633
2025-08-03T13:15:00+00:00,114071.5,114075.0,113887.02,113887.02,23.27837
2025-08-03T13:20:00+00:00,113887.02,113900.0,113803.0,113822.44,17.91976
2025-08-03T13:25:00+00:00,113822.44,113873.72,113803.09,113846.06,25.90401
2025-08-03T13:30:00+00:00,113846.05,113960.0,113846.05,113960.0,6.90438
2025-08-03T13:35:00+00:00,113960.0,113985.42,113933.21,113985.42,10.61375
2025-08-03T13:40:00+00:00,113985.41,113985.42,113894.2,113894.21,18.11087
2025-08-03T13:45:00+00:00,113894.21,113943.44,113811.17,113811.18,14.20057
2025-08-03T13:50:00+00:00,113811.17,113921.37,113811.17,113921.36,17.04418
2025-08-03T13:55:00+00:00,113921.37,113939.0,113921.36,113939.0,9.15716
2025-08-03T14:00:00+00:00,113939.0,114011.0,113938.99,113991.39,25.52619
2025-08-03T14:05:00+00:00,113991.4,114065.54,113991.39,114025.03,18.75049
2025-08-03T14:10:00+00:00,114025.03,114025.03,113758.03,113828.65,33.24157
2025-08-03T14:15:00+00:00,113828.65,113874.55,113700.0,113794.09,52.75047
2025-08-03T14:20:00+00:00,113794.08,113794.09,113679.72,113719.99,36.63423
2025-08-03T14:25:00+00:00,113720.0,113736.28,113579.69,113642.0,31.57314
2025-08-03T14:30:00+00:00,113641.99,113736.95,113613.99,113700.0,23.35806
2025-08-03T14:35:00+00:00,113699.99,113771.87,113684.89,113769.57,40.05463
2025-08-03T14:40:00+00:00,113769.56,113852.6,113731.29,113818.87,23.95419
2025-08-03T14:45:00+00:00,113818.86,113818.87,113720.0,113778.65,14.54254
2025-08-03T14:50:00+00:00,113778.65,113830.45,113746.49,113794.0,10.12156
2025-08-03T14:55:00+00:00,113794.0,113814.29,113780.0,113792.28,9.65969
2025-08-03T15:00:00+00:00,113792.29,113792.29,113680.0,113760.0,13.58601
2025-08-03T15:05:00+00:00,113760.0,113760.0,113695.89,113721.74,16.83734
2025-08-03T15:10:00+00:00,113721.74,113767.96,113704.05,113767.96,14.03855
2025-08-03T15:15:00+00:00,113767.95,113873.72,113767.95,113820.02,15.00857
2025-08-03T15:20:00+00:00,113820.02,113848.21,113759.12,113759.13,13.7604
2025-08-03T15:25:00+00:00,113759.12,113851.91,113759.12,113844.7,6.74711
2025-08-03T15:30:00+00:00,113844.7,113867.23,113674.05,113704.06,29.17784
2025-08-03T15:35:00+00:00,113704.05,113868.0,113704.05,113868.0,53.0785
2025-08-03T15:40:00+00:00,113868.0,113958.76,113846.0,113934.03,20.4192
2025-08-03T15:45:00+00:00,113934.03,113966.0,113891.02,113935.59,17.1532
2025-08-03T15:50:00+00:00,113935.59,113935.59,113891.02,113920.86,7.42782
2025-08-03T15:55:00+00:00,113920.86,113964.35,113920.85,113959.06,9.28142
2025-08-03T16:00:00+00:00,113959.06,113959.06,113905.5,113905.51,35.04635
2025-08-03T16:05:00+00:00,113905.5,113905.51,113837.54,113837.54,9.44145
2025-08-03T16:10:00+00:00,113837.55,113876.25,113775.55,113783.17,41.09326
2025-08-03T16:15:00+00:00,113783.16,113834.97,113775.61,113834.97,40.77413
2025-08-03T16:20:00+00:00,113834.96,113845.0,113810.03,113845.0,14.31007
2025-08-03T16:25:00+00:00,113844.99,113880.71,113844.99,113877.4,14.59128
2025-08-03T16:30:00+00:00,113877.4,113945.83,113877.39,113926.0,9.72979
2025-08-03T16:35:00+00:00,113926.0,113978.44,113925.99,113978.44,19.72191
2025-08-03T16:40:00+00:00,113978.43,113978.44,113946.6,113964.36,11.21113
2025-08-03T16:45:00+00:00,113964.36,113989.85,113964.36,113989.84,10.03616
2025-08-03T16:50:00+00:00,113989.85,114026.82,113912.0,113919.19,31.76459
2025-08-03T16:55:00+00:00,113919.19,113995.16,113919.19,113995.16,8.94067
2025-08-03T17:00:00+00:00,113995.15,114026.12,113990.0,114023.79,16.75389
2025-08-03T17:05:00+00:00,114023.78,114083.23,114023.78,114083.23,13.01267
2025-08-03T17:10:00+00:00,114083.23,114165.09,114083.22,114128.27,55.82393
2025-08-03T17:15:00+00:00,114128.27,114154.0,114029.74,114048.0,17.89744
2025-08-03T17:20:00+00:00,114047.99,114060.0,114007.62,114023.31,11.70459
2025-08-03T17:25:00+00:00,114023.32,114065.0,114020.09,114020.09,8.46842
2025-08-03T17:30:00+00:00,114020.1,114106.7,114020.09,114077.01,7.85848
2025-08-03T17:35:00+00:00,114077.01,114104.93,114043.13,114080.01,10.12075
2025-08-03T17:40:00+00:00,114080.0,114080.01,113953.97,113955.69,19.28733
2025-08-03T17:45:00+00:00,113955.7,114030.03,113955.69,114006.0,20.34982
2025-08-03T17:50:00+00:00,114005.99,114080.0,114005.99,114060.01,10.21555
2025-08-03T17:55:00+00:00,114060.01,114117.42,114060.0,114117.42,7.46354
2025-08-03T18:00:00+00:00,114117.42,114117.42,114100.0,114106.0,6.1071
2025-08-03T18:05:00+00:00,114106.0,114118.74,114060.36,114114.29,22.4216
2025-08-03T18:10:00+00:00,114114.3,114119.99,114107.34,114119.99,4.34802
2025-08-03T18:15:00+00:00,114119.98,114124.35,114077.0,114113.01,13.87815
2025-08-03T18:20:00+00:00,114113.02,114150.0,114113.01,114150.0,12.15861
2025-08-03T18:25:00+00:00,114150.0,114460.15,114149.99,114302.3,169.23554
2025-08-03T18:30:00+00:00,114302.3,114358.14,114180.91,114180.91,23.19143
2025-08-03T18:35:00+00:00,114180.92,114198.72,114127.23,114198.72,12.00735
2025-08-03T18:40:00+00:00,114198.71,114371.02,114198.71,114339.43,16.59558
2025-08-03T18:45:00+00:00,114339.44,114429.3,114339.43,114384.61,49.04333
2025-08-03T18:50:00+00:00,114384.6,114409.31,114331.26,114354.57,19.45813
2025-08-03T18:55:00+00:00,114354.57,114380.41,114316.3,114380.4,13.20374
2025-08-03T19:00:00+00:00,114380.41,114485.17,114340.0,114359.99,30.96198
2025-08-03T19:05:00+00:00,114360.0,114371.55,114294.34,114350.0,16.87914
2025-08-03T19:10:00+00:00,114349.99,114396.74,114349.99,114392.01,11.86589
2025-08-03T19:15:00+00:00,114392.02,114424.21,114392.01,114422.97,12.78059
2025-08-03T19:20:00+00:00,114422.97,114635.0,114422.96,114593.0,70.03601
2025-08-03T19:25:00+00:00,114593.0,114593.0,114506.15,114522.0,27.71148
2025-08-03T19:30:00+00:00,114522.01,114626.61,114522.0,114622.91,45.2752
2025-08-03T19:35:00+00:00,114622.91,114799.97,114622.91,114664.52,98.8005
2025-08-03T19:40:00+00:00,114664.53,114664.53,114412.66,114412.66,65.30105
2025-08-03T19:45:00+00:00,114412.67,114480.0,114384.48,114410.67,22.98096
2025-08-03T19:50:00+00:00,114410.68,114410.68,114286.29,114316.91,27.2507
2025-08-03T19:55:00+00:00,114316.91,114334.77,114259.95,114313.19,17.85581
2025-08-03T20:00:00+00:00,114313.19,114313.19,114206.87,114207.21,22.04442
2025-08-03T20:05:00+00:00,114207.21,114260.0,114182.5,114239.16,27.39766
2025-08-03T20:10:00+00:00,114239.16,114242.81,114190.0,114242.81,30.72225
2025-08-03T20:15:00+00:00,114242.81,114246.3,114163.49,114180.01,13.52939
2025-08-03T20:20:00+00:00,114180.01,114208.3,114180.0,114208.29,10.35018
2025-08-03T20:25:00+00:00,114208.3,114226.05,114202.45,114202.46,14.62979
2025-08-03T20:30:00+00:00,114202.45,114260.24,114172.8,114260.24,7.79683
2025-08-03T20:35:00+00:00,114260.24,114288.25,114235.27,114288.25,4.61217
2025-08-03T20:40:00+00:00,114288.24,114410.69,114288.24,114403.74,40.54159
2025-08-03T20:45:00+00:00,114403.73,114442.11,114403.73,114442.11,10.63003
2025-08-03T20:50:00+00:00,114442.11,114442.11,114375.36,114375.36,10.22888
2025-08-03T20:55:00+00:00,114375.37,114467.0,114375.36,114423.77,8.3364
2025-08-03T21:00:00+00:00,114423.77,114423.77,114407.34,114407.34,11.48587
2025-08-03T21:05:00+00:00,114407.35,114436.52,114383.67,114436.51,14.46805
2025-08-03T21:10:00+00:00,114436.51,114519.48,114436.51,114519.47,18.32643
2025-08-03T21:15:00+00:00,114519.48,114521.68,114442.52,114455.99,21.24864
2025-08-03T21:20:00+00:00,114456.0,114520.2,114456.0,114520.19,10.03355
2025-08-03T21:25:00+00:00,114520.19,114520.2,114467.9,114482.45,32.52701
2025-08-03T21:30:00+00:00,114482.45,114506.5,114425.36,114459.99,34.85391
2025-08-03T21:35:00+00:00,114459.99,114460.0,114387.42,114419.52,22.28425
2025-08-03T21:40:00+00:00,114419.51,114448.33,114363.46,114363.47,23.48871
2025-08-03T21:45:00+00:00,114363.46,114396.04,114363.46,114370.65,9.87248
2025-08-03T21:50:00+00:00,114370.66,114462.5,114370.18,114462.49,10.33327
2025-08-03T21:55:00+00:00,114462.5,114485.54,114435.46,114435.47,14.52641
2025-08-03T22:00:00+00:00,114435.46,114612.24,114312.5,114364.95,50.52707
2025-08-03T22:05:00+00:00,114364.95,114364.95,114212.53,114226.19,38.66139
2025-08-03T22:10:00+00:00,114226.19,114300.0,114226.19,114228.23,14.23298
2025-08-03T22:15:00+00:00,114228.23,114245.69,114114.29,114184.0,31.90813
2025-08-03T22:20:00+00:00,114184.01,114191.99,114086.14,114095.93,18.56614
2025-08-03T22:25:00+00:00,114095.92,114120.11,114066.56,114113.99,11.64822
2025-08-03T22:30:00+00:00,114113.99,114239.56,114113.99,114239.56,15.50322
2025-08-03T22:35:00+00:00,114239.56,114263.19,114201.17,114217.45,7.00873
2025-08-03T22:40:00+00:00,114217.44,114263.48,114193.04,114263.47,11.15356
2025-08-03T22:45:00+00:00,114263.48,114337.01,114245.65,114337.01,10.33899
2025-08-03T22:50:00+00:00,114337.0,114369.55,114300.77,114369.55,11.06049
2025-08-03T22:55:00+00:00,114369.54,114369.54,114300.83,114324.83,17.20435
2025-08-03T23:00:00+00:00,114324.84,114380.0,114268.38,114376.64,33.85083
2025-08-03T23:05:00+00:00,114376.65,114390.97,114306.52,114389.99,21.15709
2025-08-03T23:10:00+00:00,114389.99,114400.0,114359.25,114393.46,17.35674
2025-08-03T23:15:00+00:00,114393.47,114500.0,114375.36,114497.36,26.08279
2025-08-03T23:20:00+00:00,114497.36,114497.37,114360.0,114387.84,19.90634
2025-08-03T23:25:00+00:00,114387.84,114387.84,114270.71,114270.72,19.03655
2025-08-03T23:30:00+00:00,114270.72,114298.6,114229.15,114244.0,17.99023
2025-08-03T23:35:00+00:00,114244.93,114251.43,114222.0,114225.02,7.78682
2025-08-03T23:40:00+00:00,114225.01,114240.99,114213.91,114238.0,11.39665
2025-08-03T23:45:00+00:00,114238.0,114238.0,114176.25,114180.31,20.17824
2025-08-03T23:50:00+00:00,114180.31,114191.87,114176.0,114176.0,10.04168
2025-08-03T23:55:00+00:00,114176.0,114218.71,114176.0,114208.8,13.33327
2025-08-04T00:00:00+00:00,114208.81,114331.7,114208.8,114228.15,55.79622
2025-08-04T00:05:00+00:00,114228.15,114228.15,114122.64,114136.0,76.21831
2025-08-04T00:10:00+00:00,114135.99,114183.93,114107.6,114158.99,26.91726
2025-08-04T00:15:00+00:00,114159.0,114160.0,114112.09,114160.0,37.65251
2025-08-04T00:20:00+00:00,114159.99,114342.63,114131.95,114302.81,36.96573
2025-08-04T00:25:00+00:00,114302.8,114400.0,114250.25,114350.47,46.18823
2025-08-04T00:30:00+00:00,114350.47,114404.23,114292.52,114329.57,27.5398
2025-08-04T00:35:00+00:00,114329.58,114440.0,114329.58,114430.11,18.80649
2025-08-04T00:40:00+00:00,114430.11,114590.91,114430.11,114590.91,24.74966
2025-08-04T00:45:00+00:00,114590.91,114865.22,114590.9,114804.62,75.0511
2025-08-04T00:50:00+00:00,114804.62,114888.0,114781.5,114876.0,38.18026
2025-08-04T00:55:00+00:00,114876.0,114914.29,114836.05,114899.87,44.25168
2025-08-04T01:00:00+00:00,114899.86,115000.0,114748.44,114788.86,73.42705
2025-08-04T01:05:00+00:00,114788.87,114853.0,114662.0,114662.0,55.5451
2025-08-04T01:10:00+00:00,114662.01,114814.18,114660.0,114757.01,43.22671
2025-08-04T01:15:00+00:00,114757.0,114757.01,114626.2,114663.16,27.94423
2025-08-04T01:20:00+00:00,114663.16,114688.0,114620.14,114688.0,42.32887
2025-08-04T01:25:00+00:00,114687.99,114921.0,114687.99,114825.26,37.2238
2025-08-04T01:30:00+00:00,114825.27,114934.79,114825.27,114860.2,38.63527
2025-08-04T01:35:00+00:00,114860.2,114903.21,114769.92,114816.01,28.89107
2025-08-04T01:40:00+00:00,114816.01,114816.01,114713.43,114728.26,17.22581
2025-08-04T01:45:00+00:00,114728.26,114785.61,114646.68,114691.69,24.25427
2025-08-04T01:50:00+00:00,114691.69,114746.88,114672.38,114708.08,19.51333
2025-08-04T01:55:00+00:00,114708.08,114708.08,114644.88,114671.96,15.2269
2025-08-04T02:00:00+00:00,114671.96,114732.54,114621.4,114621.4,26.38068
2025-08-04T02:05:00+00:00,114621.41,114640.0,114418.68,114434.65,54.47191
2025-08-04T02:10:00+00:00,114434.66,114509.7,114434.66,114461.92,41.94269
2025-08-04T02:15:00+00:00,114461.92,114567.83,114453.47,114513.65,36.16457
2025-08-04T02:20:00+00:00,114513.64,114710.03,114495.8,114710.03,25.58619
2025-08-04T02:25:00+00:00,114710.02,114745.02,114710.02,114712.32,27.43728
2025-08-04T02:30:00+00:00,114712.32,114877.98,114712.32,114814.18,28.13886
2025-08-04T02:35:00+00:00,114814.17,114814.18,114632.41,114638.0,18.06765
2025-08-04T02:40:00+00:00,114638.01,114638.01,114575.96,114583.99,18.82877
2025-08-04T02:45:00+00:00,114584.0,114701.93,114569.04,114696.0,20.97745
2025-08-04T02:50:00+00:00,114695.99,114797.9,114684.06,114759.4,20.504
2025-08-04T02:55:00+00:00,114759.4,114797.9,114723.66,114797.9,32.72542
2025-08-04T03:00:00+00:00,114797.9,114799.0,114737.37,114791.2,18.64119
2025-08-04T03:05:00+00:00,114791.21,114791.21,114700.0,114700.0,30.45355
2025-08-04T03:10:00+00:00,114700.01,114735.15,114700.0,114713.71,18.69541
2025-08-04T03:15:00+00:00,114713.7,114713.71,114685.92,114706.72,43.84022
2025-08-04T03:20:00+00:00,114706.71,114762.85,114706.71,114714.28,23.15356
2025-08-04T03:25:00+00:00,114714.29,114714.29,114681.48,114691.74,19.4416
2025-08-04T03:30:00+00:00,114691.74,114691.74,114597.76,114597.76,13.82774
2025-08-04T03:35:00+00:00,114597.76,114597.77,114527.73,114592.27,18.07642
2025-08-04T03:40:00+00:00,114592.27,114654.42,114592.26,114654.42,7.00926
2025-08-04T03:45:00+00:00,114654.41,114654.42,114627.79,114631.79,21.87794
2025-08-04T03:50:00+00:00,114631.8,114659.92,114571.48,114571.48,11.74569
2025-08-04T03:55:00+00:00,114571.49,114594.2,114570.6,114570.61,15.25815
2025-08-04T04:00:00+00:00,114570.61,114653.51,114570.61,114644.01,10.25023
2025-08-04T04:05:00+00:00,114644.0,114645.96,114605.15,114605.16,9.31498
2025-08-04T04:10:00+00:00,114605.16,114640.0,114586.74,114619.99,28.84534
2025-08-04T04:15:00+00:00,114620.0,114620.0,114543.14,114557.39,14.77262
2025-08-04T04:20:00+00:00,114557.39,114557.39,114500.02,114545.0,21.89243
2025-08-04T04:25:00+00:00,114545.0,114608.09,114544.99,114598.18,7.17318
2025-08-04T04:30:00+00:00,114598.18,114598.19,114519.67,114557.29,15.88565
2025-08-04T04:35:00+00:00,114557.28,114557.29,114434.74,114434.74,29.03577
2025-08-04T04:40:00+00:00,114434.74,114434.75,114388.88,114388.88,36.09059
2025-08-04T04:45:00+00:00,114388.88,114434.75,114369.72,114400.66,25.62852
2025-08-04T04:50:00+00:00,114400.66,114434.75,114347.47,114348.35,50.89017
2025-08-04T04:55:00+00:00,114348.35,114383.55,114345.74,114383.55,19.60675
2025-08-04T05:00:00+00:00,114383.54,114410.57,114321.88,114330.0,17.37787
2025-08-04T05:05:00+00:00,114329.99,114330.0,114296.01,114308.27,20.95124
2025-08-04T05:10:00+00:00,114308.27,114337.01,114290.0,114337.01,11.75024
2025-08-04T05:15:00+00:00,114337.0,114337.0,114240.88,114250.0,24.13505
2025-08-04T05:20:00+00:00,114249.99,114315.11,114244.01,114288.5,28.46691
2025-08-04T05:25:00+00:00,114288.51,114296.29,114226.18,114226.19,36.9028
2025-08-04T05:30:00+00:00,114226.18,114298.95,114226.18,114228.53,45.16005
2025-08-04T05:35:00+00:00,114228.53,114299.04,114188.0,114285.5,19.71708
2025-08-04T05:40:00+00:00,114285.51,114285.51,114188.0,114235.83,11.52213
2025-08-04T05:45:00+00:00,114235.84,114265.62,114222.07,114260.54,11.11442
2025-08-04T05:50:00+00:00,114260.54,114343.94,114260.53,114339.75,19.12385
2025-08-04T05:55:00+00:00,114339.75,114418.75,114339.75,114391.26,19.35362
2025-08-04T06:00:00+00:00,114391.26,114442.27,114390.55,114403.41,26.50896
2025-08-04T06:05:00+00:00,114403.4,114427.15,114367.55,114367.55,46.00141
2025-08-04T06:10:00+00:00,114367.56,114378.0,114265.57,114265.57,23.18165
2025-08-04T06:15:00+00:00,114265.58,114265.58,114184.52,114261.5,45.22325
2025-08-04T06:20:00+00:00,114261.5,114318.08,114165.5,114166.64,49.01418
2025-08-04T06:25:00+00:00,114166.64,114265.92,114148.58,114250.25,16.56272
2025-08-04T06:30:00+00:00,114250.25,114250.26,114201.11,114222.57,19.27026
2025-08-04T06:35:00+00:00,114222.56,114263.48,114188.42,114246.98,20.81879
2025-08-04T06:40:00+00:00,114246.98,114447.49,114246.98,114386.94,33.46889
2025-08-04T06:45:00+00:00,114386.94,114386.95,114302.29,114335.65,15.11487
2025-08-04T06:50:00+00:00,114335.65,114482.49,114321.76,114418.12,23.96827
2025-08-04T06:55:00+00:00,114418.13,114428.74,114403.55,114423.76,12.02929
2025-08-04T07:00:00+00:00,114423.77,114474.12,114402.45,114463.99,28.89448
2025-08-04T07:05:00+00:00,114463.99,114481.67,114426.06,114481.66,14.71659
2025-08-04T07:10:00+00:00,114481.67,114546.02,114481.66,114538.56,24.12504
2025-08-04T07:15:00+00:00,114538.56,114543.0,114511.9,114511.9,22.41575
2025-08-04T07:20:00+00:00,114511.9,114535.64,114489.77,114520.0,16.58905
2025-08-04T07:25:00+00:00,114520.0,114526.13,114496.55,114502.0,26.18594
2025-08-04T07:30:00+00:00,114502.0,114558.39,114489.78,114555.92,69.65546
2025-08-04T07:35:00+00:00,114555.93,114680.0,114555.92,114670.0,41.67141
2025-08-04T07:40:00+00:00,114670.0,114679.43,114634.89,114679.43,23.63929
2025-08-04T07:45:00+00:00,114679.43,114778.5,114679.42,114778.5,29.31759
2025-08-04T07:50:00+00:00,114778.5,114778.5,114697.0,114697.01,32.11715
2025-08-04T07:55:00+00:00,114697.0,114716.95,114652.97,114652.97,25.82129
2025-08-04T08:00:00+00:00,114652.98,114742.23,114608.41,114732.01,53.58121
2025-08-04T08:05:00+00:00,114732.0,114732.01,114628.89,114699.41,25.06131
2025-08-04T08:10:00+00:00,114699.4,114699.41,114640.0,114644.78,27.89945
2025-08-04T08:15:00+00:00,114644.78,114735.0,114644.77,114712.82,31.52411
2025-08-04T08:20:00+00:00,114712.81,114750.0,114623.44,114623.44,39.84408
2025-08-04T08:25:00+00:00,114623.44,114623.45,114459.92,114459.93,42.37219
2025-08-04T08:30:00+00:00,114459.92,114489.0,114360.99,114429.99,29.08588
2025-08-04T08:35:00+00:00,114429.99,114571.01,114414.64,114571.0,26.40853
2025-08-04T08:40:00+00:00,114571.0,114618.61,114543.28,114543.31,30.19095
2025-08-04T08:45:00+00:00,114543.35,114592.03,114506.15,114549.68,23.92156
2025-08-04T08:50:00+00:00,114549.67,114562.38,114510.52,114536.01,59.21917
2025-08-04T08:55:00+00:00,114536.0,114557.36,114456.07,114546.25,22.04585
2025-08-04T09:00:00+00:00,114546.25,114608.09,114545.16,114608.08,22.28591
2025-08-04T09:05:00+00:00,114608.09,114626.64,114565.28,114571.7,23.52253
2025-08-04T09:10:00+00:00,114571.7,114635.62,114571.7,114589.83,14.38263
2025-08-04T09:15:00+00:00,114589.84,114589.84,114454.72,114552.25,24.79086
2025-08-04T09:20:00+00:00,114552.25,114732.01,114552.24,114732.0,22.615
2025-08-04T09:25:00+00:00,114732.01,114744.2,114630.41,114630.41,29.66402
2025-08-04T09:30:00+00:00,114630.42,114698.86,114604.56,114604.61,26.00969
2025-08-04T09:35:00+00:00,114604.61,114632.84,114571.7,114589.03,18.58403
2025-08-04T09:40:00+00:00,114589.03,114590.28,114500.0,114500.0,14.84486
2025-08-04T09:45:00+00:00,114500.01,114500.01,114406.34,114451.81,25.25613
2025-08-04T09:50:00+00:00,114451.81,114475.98,114418.29,114418.3,21.96545
2025-08-04T09:55:00+00:00,114418.3,114418.3,114302.29,114325.92,34.75463
2025-08-04T10:00:00+00:00,114325.92,114380.39,114287.42,114380.39,25.59107
2025-08-04T10:05:00+00:00,114380.39,114417.42,114354.95,114370.51,19.31376
2025-08-04T10:10:00+00:00,114370.51,114448.29,114356.26,114448.29,14.42212
2025-08-04T10:15:00+00:00,114448.29,114464.0,114356.89,114356.9,27.32573
2025-08-04T10:20:00+00:00,114356.89,114475.82,114356.89,114474.29,37.05457
2025-08-04T10:25:00+00:00,114474.29,114506.16,114349.05,114349.05,29.42742
2025-08-04T10:30:00+00:00,114349.05,114411.98,114349.05,114411.98,18.23579
2025-08-04T10:35:00+00:00,114411.98,114448.19,114326.61,114354.17,29.09929
2025-08-04T10:40:00+00:00,114354.16,114391.15,114342.58,114345.0,10.27106
2025-08-04T10:45:00+00:00,114345.0,114347.78,114297.18,114337.0,16.40074
2025-08-04T10:50:00+00:00,114337.0,114375.36,114316.43,114317.01,10.20677
2025-08-04T10:55:00+00:00,114317.01,114317.02,114234.58,114251.83,27.21246
2025-08-04T11:00:00+00:00,114251.83,114291.43,114217.97,114291.43,11.60733
2025-08-04T11:05:00+00:00,114291.43,114367.37,114291.42,114367.37,8.73425
2025-08-04T11:10:00+00:00,114367.37,114367.37,114317.24,114317.24,14.29635
2025-08-04T11:15:00+00:00,114317.24,114317.25,114252.06,114252.07,12.34918
2025-08-04T11:20:00+00:00,114252.07,114323.07,114237.52,114323.07,16.24893
2025-08-04T11:25:00+00:00,114323.07,114367.37,114323.06,114367.37,9.71531
2025-08-04T11:30:00+00:00,114367.37,114400.0,114367.36,114384.56,18.9584
2025-08-04T11:35:00+00:00,114384.56,114404.23,114338.04,114378.59,15.33948
2025-08-04T11:40:00+00:00,114378.6,114433.86,114370.22,114419.49,22.87822
2025-08-04T11:45:00+00:00,114419.49,114421.8,114380.0,114421.8,21.27621
2025-08-04T11:50:00+00:00,114421.8,114446.05,114374.93,114390.53,38.83846
2025-08-04T11:55:00+00:00,114390.53,114517.55,114390.53,114493.09,44.01201
2025-08-04T12:00:00+00:00,114493.09,114526.43,114446.79,114473.96,31.65429
2025-08-04T12:05:00+00:00,114473.96,114535.48,114473.96,114505.56,14.43448
2025-08-04T12:10:00+00:00,114505.55,114535.32,114488.54,114499.55,22.4223
2025-08-04T12:15:00+00:00,114499.55,114510.53,114449.95,114494.99,15.55393
2025-08-04T12:20:00+00:00,114494.98,114494.99,114453.92,114460.0,16.87745
2025-08-04T12:25:00+00:00,114460.0,114460.01,114373.96,114427.0,25.70435
2025-08-04T12:30:00+00:00,114426.99,114427.0,114337.0,114386.01,14.7326
2025-08-04T12:35:00+00:00,114386.0,114401.21,114384.52,114398.97,6.79308
2025-08-04T12:40:00+00:00,114398.96,114447.1,114381.73,114382.77,19.73081
2025-08-04T12:45:00+00:00,114382.77,114382.78,114327.95,114327.95,17.71783
2025-08-04T12:50:00+00:00,114327.96,114398.81,114327.95,114380.39,22.13281
2025-08-04T12:55:00+00:00,114380.38,114450.0,114366.75,114444.36,14.09197
2025-08-04T13:00:00+00:00,114444.36,114500.42,114340.0,114392.13,56.05898
2025-08-04T13:05:00+00:00,114392.13,114392.14,114338.06,114340.55,12.26564
2025-08-04T13:10:00+00:00,114340.56,114447.91,114340.55,114407.38,23.32925
2025-08-04T13:15:00+00:00,114407.39,114457.87,114366.85,114366.86,13.97915
2025-08-04T13:20:00+00:00,114366.85,114366.86,114256.91,114278.59,22.22017
2025-08-04T13:25:00+00:00,114278.58,114278.59,114188.42,114203.23,49.63778
2025-08-04T13:30:00+00:00,114203.23,114269.06,114121.0,114226.19,39.06173
2025-08-04T13:35:00+00:00,114226.18,114600.0,114216.16,114484.33,203.20787
2025-08-04T13:40:00+00:00,114484.34,114800.0,114416.88,114788.1,79.39114
2025-08-04T13:45:00+00:00,114788.1,114900.0,114632.58,114632.58,202.3919
2025-08-04T13:50:00+00:00,114632.58,114722.26,114554.84,114635.3,92.46142
2025-08-04T13:55:00+00:00,114635.3,114913.89,114635.29,114913.88,45.66059
2025-08-04T14:00:00+00:00,114913.89,115338.32,114903.6,115236.47,285.08122
2025-08-04T14:05:00+00:00,115236.47,115466.0,115204.79,115349.01,216.57913
2025-08-04T14:10:00+00:00,115349.01,115349.02,115186.91,115242.24,87.00424
2025-08-04T14:15:00+00:00,115242.23,115400.98,115242.23,115311.67,132.68615
2025-08-04T14:20:00+00:00,115311.68,115409.98,115186.91,115386.08,112.42576
2025-08-04T14:25:00+00:00,115386.07,115419.02,115299.9,115419.0,113.02006
2025-08-04T14:30:00+00:00,115419.0,115465.16,115303.19,115324.65,59.1248
2025-08-04T14:35:00+00:00,115324.65,115351.54,115091.19,115105.98,79.90189
2025-08-04T14:40:00+00:00,115105.99,115157.13,114973.3,115004.33,65.77103
2025-08-04T14:45:00+00:00,115004.32,115156.71,114815.36,115144.01,97.28281
2025-08-04T14:50:00+00:00,115144.0,115160.0,114710.02,114765.9,86.13153
2025-08-04T14:55:00+00:00,114765.9,114779.35,114652.96,114736.78,51.31525
2025-08-04T15:00:00+00:00,114736.78,114887.61,114667.77,114887.61,43.4822
2025-08-04T15:05:00+00:00,114887.6,115022.97,114823.75,115022.97,47.72936
2025-08-04T15:10:00+00:00,115022.97,115022.97,114893.24,114989.64,52.62605
2025-08-04T15:15:00+00:00,114989.65,115020.28,114862.01,114873.57,41.43012
2025-08-04T15:20:00+00:00,114873.58,114900.0,114801.28,114857.52,25.11945
2025-08-04T15:25:00+00:00,114857.52,114885.26,114779.57,114779.58,17.72717
2025-08-04T15:30:00+00:00,114779.58,114913.89,114769.23,114872.22,28.75421
2025-08-04T15:35:00+00:00,114872.24,114872.25,114714.4,114714.41,24.2597
2025-08-04T15:40:00+00:00,114714.4,114731.76,114560.33,114718.28,39.16953
2025-08-04T15:45:00+00:00,114718.28,114732.0,114600.0,114650.01,27.64533
2025-08-04T15:50:00+00:00,114650.01,114872.12,114650.0,114833.38,64.46131
2025-08-04T15:55:00+00:00,114833.38,114858.58,114826.0,114826.0,25.22144
2025-08-04T16:00:00+00:00,114826.01,114974.09,114826.0,114972.08,61.27254
2025-08-04T16:05:00+00:00,114972.07,115200.0,114948.7,115067.89,66.75263
2025-08-04T16:10:00+00:00,115067.89,115183.24,115000.0,115015.81,55.57333
2025-08-04T16:15:00+00:00,115015.82,115117.75,115001.54,115045.02,30.25561
2025-08-04T16:20:00+00:00,115045.02,115137.78,114922.72,114976.27,35.11414
2025-08-04T16:25:00+00:00,114976.28,115026.81,114901.0,114901.0,28.42909
2025-08-04T16:30:00+00:00,114901.01,115027.9,114900.0,115000.0,49.39063
2025-08-04T16:35:00+00:00,114999.99,115000.16,114916.72,114954.45,28.18958
2025-08-04T16:40:00+00:00,114954.45,115161.21,114944.39,115066.72,80.62376
2025-08-04T16:45:00+00:00,115066.73,115390.0,115066.72,115338.99,60.64815
2025-08-04T16:50:00+00:00,115338.98,115404.22,115276.73,115404.21,61.59089
2025-08-04T16:55:00+00:00,115404.22,115405.22,115301.0,115301.0,54.84458
2025-08-04T17:00:00+00:00,115301.0,115400.0,115252.27,115400.0,39.582
2025-08-04T17:05:00+00:00,115399.99,115593.73,115382.33,115536.4,78.11332
2025-08-04T17:10:00+00:00,115536.39,115696.8,115466.42,115696.79,82.41285
2025-08-04T17:15:00+00:00,115696.8,115720.0,115490.62,115535.25,78.73147
2025-08-04T17:20:00+00:00,115535.25,115535.26,115428.29,115485.43,62.37292
2025-08-04T17:25:00+00:00,115485.43,115559.98,115465.97,115519.86,34.32253
2025-08-04T17:30:00+00:00,115519.86,115535.84,115265.61,115300.36,41.84387
2025-08-04T17:35:00+00:00,115300.35,115405.02,115300.0,115335.08,30.11993
2025-08-04T17:40:00+00:00,115335.08,115335.08,115219.68,115242.36,30.5826
2025-08-04T17:45:00+00:00,115242.36,115294.59,115154.62,115279.28,23.18731
2025-08-04T17:50:00+00:00,115279.29,115279.29,115176.0,115193.67,23.85939
2025-08-04T17:55:00+00:00,115193.68,115198.74,115148.08,115193.41,21.35389
2025-08-04T18:00:00+00:00,115193.41,115268.13,115160.0,115181.57,23.98499
2025-08-04T18:05:00+00:00,115181.57,115240.0,115161.26,115161.28,18.58979
2025-08-04T18:10:00+00:00,115161.28,115189.69,115075.46,115075.46,25.47935
2025-08-04T18:15:00+00:00,115075.46,115217.04,115055.76,115158.56,16.5493
2025-08-04T18:20:00+00:00,115158.57,115312.76,115158.56,115235.11,24.63298
2025-08-04T18:25:00+00:00,115235.11,115290.89,115233.15,115274.14,10.57189
2025-08-04T18:30:00+00:00,115274.14,115274.14,115175.07,115209.32,20.29858
2025-08-04T18:35:00+00:00,115209.32,115237.99,115104.76,115104.77,19.41294
2025-08-04T18:40:00+00:00,115104.77,115104.77,115048.47,115069.25,16.01603
2025-08-04T18:45:00+00:00,115069.25,115117.83,115031.87,115085.11,19.05094
2025-08-04T18:50:00+00:00,115085.12,115085.12,115011.79,115011.79,21.41471
2025-08-04T18:55:00+00:00,115011.8,115011.8,114913.88,114957.64,82.66785
2025-08-04T19:00:00+00:00,114957.63,115000.0,114913.88,114913.89,24.92326
2025-08-04T19:05:00+00:00,114913.88,115034.96,114887.09,115034.96,58.82082
2025-08-04T19:10:00+00:00,115034.96,115078.39,114960.0,114971.47,74.27172
2025-08-04T19:15:00+00:00,114971.47,115134.46,114971.47,115015.82,25.77658
2025-08-04T19:20:00+00:00,115015.83,115040.0,114940.0,114940.01,15.49489
2025-08-04T19:25:00+00:00,114940.0,114971.0,114884.57,114913.82,28.96555
2025-08-04T19:30:00+00:00,114913.82,114946.89,114806.0,114811.59,28.12915
2025-08-04T19:35:00+00:00,114811.59,114874.05,114780.0,114810.49,28.22052
2025-08-04T19:40:00+00:00,114810.49,114852.34,114775.27,114802.33,23.84632
2025-08-04T19:45:00+00:00,114802.33,114845.3,114766.64,114776.33,25.6421
2025-08-04T19:50:00+00:00,114776.32,114809.33,114750.0,114770.79,19.41953
2025-08-04T19:55:00+00:00,114770.8,114782.14,114732.65,114777.62,31.76938
2025-08-04T20:00:00+00:00,114777.62,114777.63,114632.79,114681.47,22.80108
2025-08-04T20:05:00+00:00,114681.47,114866.95,114681.47,114793.9,32.55812
2025-08-04T20:10:00+00:00,114793.9,114793.91,114616.33,114699.99,52.46279
2025-08-04T20:15:00+00:00,114699.99,114700.0,114636.42,114656.0,23.98269
2025-08-04T20:20:00+00:00,114656.0,114834.84,114645.12,114785.19,20.74315
2025-08-04T20:25:00+00:00,114785.19,114785.2,114690.31,114728.79,20.60433
2025-08-04T20:30:00+00:00,114728.79,115015.82,114728.78,115015.81,72.6841
2025-08-04T20:35:00+00:00,115015.81,115076.34,114952.33,115005.65,35.0225
2025-08-04T20:40:00+00:00,115005.64,115060.0,114993.12,115022.0,12.40728
2025-08-04T20:45:00+00:00,115022.01,115022.01,114892.65,114909.99,15.35309
2025-08-04T20:50:00+00:00,114910.0,114960.0,114892.65,114950.0,16.34033
2025-08-04T20:55:00+00:00,114950.01,114950.01,114811.95,114811.96,38.45742
2025-08-04T21:00:00+00:00,114811.95,114890.0,114810.75,114862.31,13.79947
2025-08-04T21:05:00+00:00,114862.3,114929.68,114835.22,114929.68,34.45098
2025-08-04T21:10:00+00:00,114929.67,115027.14,114916.59,115027.14,26.95816
2025-08-04T21:15:00+00:00,115027.14,115151.43,115027.13,115092.79,24.99951
2025-08-04T21:20:00+00:00,115092.78,115092.79,114927.47,114927.47,18.65496
2025-08-04T21:25:00+00:00,114927.47,115009.38,114927.47,114994.59,7.70839
2025-08-04T21:30:00+00:00,114994.58,115081.55,114972.08,115077.1,15.65959
2025-08-04T21:35:00+00:00,115077.11,115194.31,115077.1,115176.51,15.87879
2025-08-04T21:40:00+00:00,115176.51,115245.94,115155.0,115245.94,20.12854
2025-08-04T21:45:00+00:00,115245.93,115250.0,115196.02,115230.61,11.91251
2025-08-04T21:50:00+00:00,115230.62,115258.62,115200.0,115218.17,11.89166
2025-08-04T21:55:00+00:00,115218.16,115218.17,115082.51,115111.09,27.80917
2025-08-04T22:00:00+00:00,115111.09,115219.69,115096.54,115215.6,42.83584
2025-08-04T22:05:00+00:00,115215.6,115219.69,115120.0,115199.99,20.05015
2025-08-04T22:10:00+00:00,115199.99,115233.16,115145.67,115233.16,19.61779
2025-08-04T22:15:00+00:00,115233.16,115288.3,115216.55,115218.6,20.44138
2025-08-04T22:20:00+00:00,115218.6,115240.0,115150.96,115185.53,15.04936
2025-08-04T22:25:00+00:00,115185.53,115185.53,115086.72,115086.72,9.52382
2025-08-04T22:30:00+00:00,115086.73,115252.01,115086.73,115194.59,21.77979
2025-08-04T22:35:00+00:00,115194.6,115216.29,115167.24,115174.36,9.17207
2025-08-04T22:40:00+00:00,115174.35,115179.98,115116.83,115177.9,16.38303
2025-08-04T22:45:00+00:00,115177.89,115186.84,115143.38,115169.57,11.07404
2025-08-04T22:50:00+00:00,115169.57,115318.0,115161.2,115293.74,30.46738
2025-08-04T22:55:00+00:00,115293.74,115325.88,115286.69,115325.88,9.45786
2025-08-04T23:00:00+00:00,115325.88,115334.73,115325.87,115333.99,8.42894
2025-08-04T23:05:00+00:00,115334.0,115334.0,115265.88,115273.41,17.71527
2025-08-04T23:10:00+00:00,115273.4,115340.0,115270.44,115339.35,14.06423
2025-08-04T23:15:00+00:00,115339.36,115339.36,115280.1,115280.1,7.7391
2025-08-04T23:20:00+00:00,115280.11,115280.11,115255.66,115279.99,19.87868
2025-08-04T23:25:00+00:00,115280.0,115316.71,115280.0,115305.36,6.49076
2025-08-04T23:30:00+00:00,115305.36,115305.36,115205.76,115266.4,26.27111
2025-08-04T23:35:00+00:00,115266.39,115290.53,115215.43,115215.43,12.50197
2025-08-04T23:40:00+00:00,115215.43,115234.69,115215.43,115228.23,8.52049
2025-08-04T23:45:00+00:00,115228.24,115228.24,115052.03,115105.95,41.47452
2025-08-04T23:50:00+00:00,115105.95,115151.98,115046.67,115121.76,12.50247
2025-08-04T23:55:00+00:00,115121.75,115121.76,115055.02,115055.03,9.46919
2025-08-05T00:00:00+00:00,115055.03,115088.37,114935.48,115004.44,69.56351
2025-08-05T00:05:00+00:00,115004.44,115127.81,115004.44,115043.58,83.49317
2025-08-05T00:10:00+00:00,115043.59,115045.44,115000.0,115020.01,27.43824
2025-08-05T00:15:00+00:00,115020.02,115020.02,114914.31,114918.26,29.42487
2025-08-05T00:20:00+00:00,114918.27,114973.11,114893.25,114939.15,14.07906
2025-08-05T00:25:00+00:00,114939.15,114939.15,114869.84,114900.36,11.61053
2025-08-05T00:30:00+00:00,114900.36,115000.0,114890.86,114999.99,18.39252
2025-08-05T00:35:00+00:00,115000.0,115117.76,115000.0,115041.56,23.16094
2025-08-05T00:40:00+00:00,115041.56,115060.0,114900.94,114900.94,17.44531
2025-08-05T00:45:00+00:00,114900.95,115000.0,114883.69,114960.01,12.03021
2025-08-05T00:50:00+00:00,114960.01,114980.0,114858.87,114862.25,25.44423
2025-08-05T00:55:00+00:00,114862.26,114887.09,114840.0,114886.96,15.32892
2025-08-05T01:00:00+00:00,114886.97,114977.25,114853.4,114977.25,15.90582
2025-08-05T01:05:00+00:00,114977.24,115046.68,114963.53,114994.15,25.31472
2025-08-05T01:10:00+00:00,114994.15,114994.16,114913.88,114968.19,29.58895
2025-08-05T01:15:00+00:00,114968.19,114968.2,114800.0,114872.87,40.7678
2025-08-05T01:20:00+00:00,114872.87,114931.49,114846.51,114900.94,21.23517
2025-08-05T01:25:00+00:00,114900.95,114900.95,114824.06,114885.67,14.17531
2025-08-05T01:30:00+00:00,114885.67,114885.67,114800.0,114860.0,27.96996
2025-08-05T01:35:00+00:00,114860.0,114887.65,114748.48,114829.39,33.32702
2025-08-05T01:40:00+00:00,114829.39,114897.5,114825.35,114897.49,22.66122
2025-08-05T01:45:00+00:00,114897.5,114932.54,114770.79,114808.57,24.91728
2025-08-05T01:50:00+00:00,114808.57,114808.58,114704.51,114710.04,30.66289
2025-08-05T01:55:00+00:00,114710.04,114724.88,114695.18,114708.11,23.02678
2025-08-05T02:00:00+00:00,114708.11,114780.0,114703.88,114771.0,31.47331
2025-08-05T02:05:00+00:00,114771.0,114813.87,114742.19,114749.22,21.36817
2025-08-05T02:10:00+00:00,114749.21,114760.01,114651.56,114665.88,16.22427
2025-08-05T02:15:00+00:00,114665.89,114724.52,114653.23,114706.68,24.7876
2025-08-05T02:20:00+00:00,114706.68,114712.83,114662.9,114691.94,16.02436
2025-08-05T02:25:00+00:00,114691.93,114691.93,114614.94,114614.95,21.57791
2025-08-05T02:30:00+00:00,114614.95,114692.03,114614.94,114647.64,17.30379
2025-08-05T02:35:00+00:00,114647.64,114677.87,114630.92,114630.93,10.06589
2025-08-05T02:40:00+00:00,114630.92,114630.93,114624.77,114630.93,16.37919
2025-08-05T02:45:00+00:00,114630.92,114748.32,114630.92,114748.32,20.04805
2025-08-05T02:50:00+00:00,114748.32,114827.79,114710.02,114710.03,22.66369
2025-08-05T02:55:00+00:00,114710.02,114732.72,114691.31,114719.27,20.3548
2025-08-05T03:00:00+00:00,114719.27,114737.82,114656.42,114656.43,28.36766
2025-08-05T03:05:00+00:00,114656.43,114656.43,114469.86,114487.36,71.65206
2025-08-05T03:10:00+00:00,114487.36,114487.37,114411.68,114466.9,39.40334
2025-08-05T03:15:00+00:00,114466.9,114486.44,114407.44,114416.0,37.15854
2025-08-05T03:20:00+00:00,114416.0,114416.0,114288.99,114289.0,90.57339
2025-08-05T03:25:00+00:00,114289.0,114358.98,114288.99,114336.61,55.92056
2025-08-05T03:30:00+00:00,114336.61,114347.31,114274.75,114308.19,35.15823
2025-08-05T03:35:00+00:00,114308.18,114308.23,114266.76,114279.72,33.36458
2025-08-05T03:40:00+00:00,114279.72,114404.23,114279.7,114312.71,49.16733
2025-08-05T03:45:00+00:00,114312.71,114352.75,114260.76,114260.77,30.61338
2025-08-05T03:50:00+00:00,114260.77,114318.11,114260.76,114265.01,23.36815
2025-08-05T03:55:00+00:00,114265.0,114265.01,114256.85,114256.85,8.94127
2025-08-05T04:00:00+00:00,114256.85,114256.85,114222.04,114222.04,23.65788
2025-08-05T04:05:00+00:00,114222.04,114380.0,114217.44,114344.0,104.5248
2025-08-05T04:10:00+00:00,114344.0,114426.65,114340.0,114401.11,55.35836
2025-08-05T04:15:00+00:00,114401.11,114405.95,114196.83,114197.5,64.26788
2025-08-05T04:20:00+00:00,114197.51,114253.62,114197.5,114232.0,90.08798
2025-08-05T04:25:00+00:00,114232.0,114284.0,114231.99,114250.26,14.83055
2025-08-05T04:30:00+00:00,114250.26,114250.26,114149.95,114197.13,91.5233
2025-08-05T04:35:00+00:00,114197.12,114246.05,114192.03,114246.04,15.45928
2025-08-05T04:40:00+00:00,114246.04,114291.43,114224.08,114260.0,16.81438
2025-08-05T04:45:00+00:00,114260.01,114366.25,114260.01,114365.9,32.17602
2025-08-05T04:50:00+00:00,114365.9,114371.37,114311.91,114350.0,27.10151
2025-08-05T04:55:00+00:00,114350.0,114377.0,114338.06,114338.06,41.76383
2025-08-05T05:00:00+00:00,114338.07,114479.38,114307.0,114459.3,33.63425
2025-08-05T05:05:00+00:00,114459.31,114487.25,114412.65,114415.63,22.49352
2025-08-05T05:10:00+00:00,114415.64,114442.26,114405.74,114440.07,13.66839
2025-08-05T05:15:00+00:00,114440.08,114440.08,114409.99,114409.99,12.36078
2025-08-05T05:20:00+00:00,114409.41,114417.54,114351.48,114351.48,26.29173
2025-08-05T05:25:00+00:00,114351.49,114401.46,114351.48,114394.0,18.67317
2025-08-05T05:30:00+00:00,114394.0,114454.3,114334.63,114370.11,60.59946
2025-08-05T05:35:00+00:00,114370.1,114426.96,114323.19,114323.19,25.71311
2025-08-05T05:40:00+00:00,114323.19,114323.2,114244.51,114244.91,28.72299
2025-08-05T05:45:00+00:00,114244.9,114332.18,114239.87,114296.04,17.87507
2025-08-05T05:50:00+00:00,114296.03,114405.82,114269.99,114405.81,59.95644
2025-08-05T05:55:00+00:00,114405.81,114432.34,114394.33,114405.99,17.64451
2025-08-05T06:00:00+00:00,114406.0,114440.0,114369.34,114439.99,20.93745
2025-08-05T06:05:00+00:00,114440.0,114476.8,114434.0,114445.44,16.41592
2025-08-05T06:10:00+00:00,114445.45,114465.13,114429.97,114429.98,9.28475
2025-08-05T06:15:00+00:00,114429.97,114500.0,114423.76,114489.99,16.55446
2025-08-05T06:20:00+00:00,114490.0,114500.66,114481.85,114495.16,13.77825
2025-08-05T06:25:00+00:00,114495.17,114495.17,114476.04,114476.04,17.22929
2025-08-05T06:30:00+00:00,114476.04,114476.05,114376.8,114395.04,15.83264
2025-08-05T06:35:00+00:00,114395.04,114395.04,114296.87,114323.98,74.09708
2025-08-05T06:40:00+00:00,114323.98,114345.04,114295.01,114319.0,63.0925
2025-08-05T06:45:00+00:00,114319.0,114319.01,114260.93,114263.01,61.45517
2025-08-05T06:50:00+00:00,114263.01,114263.01,114105.71,114168.01,56.41971
2025-08-05T06:55:00+00:00,114168.0,114178.64,114120.01,114178.63,24.74491
2025-08-05T07:00:00+00:00,114178.64,114255.35,114133.59,114255.34,24.15497
2025-08-05T07:05:00+00:00,114255.34,114263.01,114180.6,114214.73,139.58445
2025-08-05T07:10:00+00:00,114214.73,114295.09,114149.6,114283.81,83.39617
2025-08-05T07:15:00+00:00,114283.8,114312.2,114261.46,114312.2,39.03024
2025-08-05T07:20:00+00:00,114312.2,114395.3,114312.19,114345.44,28.065
2025-08-05T07:25:00+00:00,114345.44,114345.44,114213.73,114213.73,17.10421
2025-08-05T07:30:00+00:00,114213.74,114258.92,114105.4,114116.98,50.4886
2025-08-05T07:35:00+00:00,114116.98,114117.99,113725.72,113855.46,247.81232
2025-08-05T07:40:00+00:00,113855.45,114085.25,113855.45,114066.0,56.95925
2025-08-05T07:45:00+00:00,114066.01,114204.0,114051.53,114128.18,54.80186
2025-08-05T07:50:00+00:00,114128.18,114128.19,113946.6,114007.16,50.5429
2025-08-05T07:55:00+00:00,114007.15,114077.3,113961.45,113969.7,28.56194
2025-08-05T08:00:00+00:00,113969.7,114017.97,113928.87,114010.25,57.66501
2025-08-05T08:05:00+00:00,114010.25,114131.53,113956.02,113989.98,37.46021
2025-08-05T08:10:00+00:00,113989.98,114043.89,113979.03,114003.82,29.15308
2025-08-05T08:15:00+00:00,114003.82,114224.65,114003.82,114177.21,30.85473
2025-08-05T08:20:00+00:00,114177.22,114312.59,114177.21,114275.54,37.69861
2025-08-05T08:25:00+00:00,114275.55,114382.64,114275.55,114373.02,51.65882
2025-08-05T08:30:00+00:00,114373.02,114540.0,114350.0,114504.3,60.34939
2025-08-05T08:35:00+00:00,114504.31,114512.62,114330.49,114330.49,34.29482
2025-08-05T08:40:00+00:00,114330.5,114434.85,114259.67,114308.21,54.25825
2025-08-05T08:45:00+00:00,114308.21,114337.39,114239.01,114239.01,29.69596
2025-08-05T08:50:00+00:00,114239.02,114343.93,114220.91,114250.26,19.21445
2025-08-05T08:55:00+00:00,114250.26,114303.16,114232.32,114281.09,18.01544
2025-08-05T09:00:00+00:00,114281.09,114364.12,114281.08,114364.12,23.92904
2025-08-05T09:05:00+00:00,114364.12,114373.37,114319.71,114343.5,33.91023
2025-08-05T09:10:00+00:00,114343.5,114467.15,114343.5,114467.15,40.57971
2025-08-05T09:15:00+00:00,114467.14,114467.15,114402.56,114467.15,16.97405
2025-08-05T09:20:00+00:00,114467.15,114524.0,114460.0,114521.01,18.51433
2025-08-05T09:25:00+00:00,114521.0,114583.94,114496.16,114576.94,35.04846
2025-08-05T09:30:00+00:00,114576.94,114584.86,114520.0,114566.41,35.40788
2025-08-05T09:35:00+00:00,114566.41,114570.47,114512.65,114570.46,30.6363
2025-08-05T09:40:00+00:00,114570.46,114786.89,114570.46,114716.02,52.31386
2025-08-05T09:45:00+00:00,114716.02,114792.72,114650.0,114650.01,66.26361
2025-08-05T09:50:00+00:00,114650.0,114690.61,114609.33,114634.91,60.04849
2025-08-05T09:55:00+00:00,114634.91,114710.42,114634.9,114694.76,68.68003
2025-08-05T10:00:00+00:00,114694.76,114797.19,114621.88,114621.89,70.71421
2025-08-05T10:05:00+00:00,114621.88,114714.91,114599.13,114599.14,21.19542
2025-08-05T10:10:00+00:00,114599.14,114636.43,114586.73,114636.43,10.17498
2025-08-05T10:15:00+00:00,114636.43,114746.81,114636.42,114666.98,16.22819
2025-08-05T10:20:00+00:00,114666.97,114772.0,114666.97,114771.99,12.61502
2025-08-05T10:25:00+00:00,114771.99,115096.73,114771.99,114960.03,106.07122
2025-08-05T10:30:00+00:00,114960.03,115093.13,114960.03,115093.13,37.10071
2025-08-05T10:35:00+00:00,115093.13,115093.13,114935.76,114959.28,47.43375
2025-08-05T10:40:00+00:00,114959.27,114976.16,114866.29,114976.16,52.93147
2025-08-05T10:45:00+00:00,114976.15,114976.16,114880.0,114880.01,36.01009
2025-08-05T10:50:00+00:00,114880.01,114914.69,114869.63,114878.62,15.65245
2025-08-05T10:55:00+00:00,114878.62,114878.63,114827.07,114841.27,12.54822
2025-08-05T11:00:00+00:00,114841.28,114852.76,114780.0,114814.14,19.19555
2025-08-05T11:05:00+00:00,114814.14,114814.14,114750.0,114750.0,12.09625
2025-08-05T11:10:00+00:00,114750.0,114787.16,114750.0,114787.15,8.10975
2025-08-05T11:15:00+00:00,114787.15,114842.21,114787.15,114814.18,12.35977
2025-08-05T11:20:00+00:00,114814.18,114866.28,114776.92,114866.27,28.89062
2025-08-05T11:25:00+00:00,114866.27,114913.89,114866.27,114903.77,12.95011
2025-08-05T11:30:00+00:00,114903.77,114913.88,114770.79,114831.06,17.57002
2025-08-05T11:35:00+00:00,114831.06,114943.62,114785.6,114920.0,25.98068
2025-08-05T11:40:00+00:00,114920.0,114972.0,114901.71,114947.99,14.34319
2025-08-05T11:45:00+00:00,114947.99,114948.0,114809.92,114851.78,26.12955
2025-08-05T11:50:00+00:00,114851.78,114851.78,114760.0,114795.51,28.38069
2025-08-05T11:55:00+00:00,114795.52,114851.23,114787.26,114827.07,6.25565
2025-08-05T12:00:00+00:00,114827.07,114837.48,114768.93,114794.26,13.8504
2025-08-05T12:05:00+00:00,114794.26,114866.28,114780.0,114842.68,18.02668
2025-08-05T12:10:00+00:00,114842.68,114893.13,114807.38,114893.13,18.73085
2025-08-05T12:15:00+00:00,114893.12,114893.13,114613.03,114725.74,31.14242
2025-08-05T12:20:00+00:00,114725.74,114738.7,114369.46,114494.29,121.80939
2025-08-05T12:25:00+00:00,114494.28,114565.62,114437.25,114530.01,43.58788
2025-08-05T12:30:00+00:00,114530.01,114530.02,114385.92,114415.86,17.52252
2025-08-05T12:35:00+00:00,114415.85,114415.86,113500.01,113693.99,212.54587
2025-08-05T12:40:00+00:00,113693.99,114085.51,113693.99,113885.48,235.35852
2025-08-05T12:45:00+00:00,113885.49,114072.93,113860.6,113963.02,130.03852
2025-08-05T12:50:00+00:00,113963.02,114098.44,113958.23,113978.47,57.91256
2025-08-05T12:55:00+00:00,113978.47,114098.44,113896.36,113937.35,35.40308
2025-08-05T13:00:00+00:00,113937.35,114067.21,113868.0,114067.2,51.27594
2025-08-05T13:05:00+00:00,114067.21,114114.2,113931.5,113958.16,67.53107
2025-08-05T13:10:00+00:00,113958.15,114033.0,113927.82,114033.0,25.40442
2025-08-05T13:15:00+00:00,114033.0,114215.56,114021.75,114174.25,38.25273
2025-08-05T13:20:00+00:00,114174.25,114198.83,114098.43,114160.46,36.13027
2025-08-05T13:25:00+00:00,114160.45,114189.98,114110.0,114171.91,22.43525
2025-08-05T13:30:00+00:00,114171.9,114400.0,114048.62,114051.91,206.01661
2025-08-05T13:35:00+00:00,114051.9,114455.86,114051.9,114383.28,48.96129
2025-08-05T13:40:00+00:00,114383.27,114383.27,114232.86,114281.73,45.26124
2025-08-05T13:45:00+00:00,114281.73,114573.17,114281.73,114440.64,42.74935
2025-08-05T13:50:00+00:00,114440.65,114449.53,114327.9,114400.0,23.23425
2025-08-05T13:55:00+00:00,114400.0,114452.0,114297.83,114381.43,27.6873
2025-08-05T14:00:00+00:00,114380.75,114386.37,114063.35,114079.91,84.40884
2025-08-05T14:05:00+00:00,114079.9,114124.0,113886.31,114033.35,152.02514
2025-08-05T14:10:00+00:00,114033.35,114087.85,113707.41,113864.58,99.32382
2025-08-05T14:15:00+00:00,113864.57,113883.63,113525.31,113612.39,180.9366
2025-08-05T14:20:00+00:00,113612.39,113612.39,113262.0,113287.98,247.80069
2025-08-05T14:25:00+00:00,113287.98,113426.06,113148.0,113248.66,221.06336
2025-08-05T14:30:00+00:00,113248.67,113268.09,112995.44,113014.01,292.89237
2025-08-05T14:35:00+00:00,113014.0,113120.0,112960.13,113030.55,96.36157
2025-08-05T14:40:00+00:00,113030.54,113218.39,112750.0,112776.01,195.47937
2025-08-05T14:45:00+00:00,112776.0,112923.07,112650.0,112725.66,363.154
2025-08-05T14:50:00+00:00,112725.66,112818.98,112711.64,112760.0,97.58988
2025-08-05T14:55:00+00:00,112759.99,113066.52,112750.11,113037.12,94.40215
2025-08-05T15:00:00+00:00,113037.12,113037.12,112692.3,112895.21,137.4449
2025-08-05T15:05:00+00:00,112895.99,113249.11,112881.04,113240.01,85.69915
2025-08-05T15:10:00+00:00,113240.01,113240.01,113045.0,113187.78,75.80238
2025-08-05T15:15:00+00:00,113187.79,113221.14,113060.0,113174.0,120.53277
2025-08-05T15:20:00+00:00,113174.0,113230.66,112930.11,112992.37,65.97599
2025-08-05T15:25:00+00:00,112992.37,113041.73,112844.33,112976.72,49.5297
2025-08-05T15:30:00+00:00,112976.73,113093.61,112865.47,112902.43,63.3196
2025-08-05T15:35:00+00:00,112902.43,112915.42,112720.0,112805.97,94.80755
2025-08-05T15:40:00+00:00,112805.97,112848.82,112710.0,112793.95,50.88465
2025-08-05T15:45:00+00:00,112793.96,112902.09,112740.01,112768.0,46.58656
2025-08-05T15:50:00+00:00,112768.01,112885.6,112716.0,112872.75,61.53068
2025-08-05T15:55:00+00:00,112872.75,112994.49,112800.77,112934.0,42.04827
2025-08-05T16:00:00+00:00,112934.0,113043.18,112836.0,113036.0,44.89351
2025-08-05T16:05:00+00:00,113036.0,113130.9,113004.67,113102.56,41.75374
2025-08-05T16:10:00+00:00,113102.56,113149.62,113025.57,113127.88,60.90642
2025-08-05T16:15:00+00:00,113127.88,113205.6,113035.79,113035.79,27.02145
2025-08-05T16:20:00+00:00,113035.71,113206.05,113023.61,113061.73,30.52834
2025-08-05T16:25:00+00:00,113061.74,113225.82,113061.73,113205.24,32.86295
2025-08-05T16:30:00+00:00,113205.24,113367.31,113160.0,113212.0,49.24769
2025-08-05T16:35:00+00:00,113212.0,113286.62,113131.0,113131.0,24.15204
2025-08-05T16:40:00+00:00,113131.01,113170.01,112815.68,113046.45,64.55859
2025-08-05T16:45:00+00:00,113046.46,113052.0,112865.72,113040.0,75.66341
2025-08-05T16:50:00+00:00,113040.01,113197.63,112993.97,113197.63,24.07222
2025-08-05T16:55:00+00:00,113197.63,113197.63,113104.7,113175.73,29.91592
2025-08-05T17:00:00+00:00,113175.73,113229.01,113100.88,113208.01,27.7638
2025-08-05T17:05:00+00:00,113208.0,113225.52,113096.0,113172.89,21.8449
2025-08-05T17:10:00+00:00,113172.89,113252.55,113165.78,113240.09,22.6302
2025-08-05T17:15:00+00:00,113240.08,113265.02,113200.0,113236.98,33.81889
2025-08-05T17:20:00+00:00,113236.98,113362.61,113210.21,113362.61,23.76665
2025-08-05T17:25:00+00:00,113362.61,113476.1,113362.61,113387.18,38.48374
2025-08-05T17:30:00+00:00,113387.19,113523.11,113386.76,113437.21,23.31544
2025-08-05T17:35:00+00:00,113437.21,113460.0,113306.68,113352.01,25.91418
2025-08-05T17:40:00+00:00,113352.01,113440.0,113340.0,113340.0,26.38534
2025-08-05T17:45:00+00:00,113340.0,113416.0,113256.68,113346.35,42.18996
2025-08-05T17:50:00+00:00,113346.35,113501.98,113346.34,113501.98,14.79356
2025-08-05T17:55:00+00:00,113501.98,113661.96,113501.97,113640.01,58.29799
2025-08-05T18:00:00+00:00,113640.01,113644.72,113537.26,113537.26,24.98936
2025-08-05T18:05:00+00:00,113537.27,113653.93,113537.26,113621.35,16.93252
2025-08-05T18:10:00+00:00,113621.35,113621.35,113502.37,113502.53,30.02892
2025-08-05T18:15:00+00:00,113502.52,113588.78,113397.55,113575.51,39.85585
2025-08-05T18:20:00+00:00,113575.51,113598.28,113517.57,113554.09,16.70618
2025-08-05T18:25:00+00:00,113554.09,113581.98,113384.61,113439.99,21.91161
2025-08-05T18:30:00+00:00,113439.99,113512.0,113364.64,113503.33,18.70973
2025-08-05T18:35:00+00:00,113503.32,113503.33,113389.67,113463.73,16.29938
2025-08-05T18:40:00+00:00,113463.73,113468.49,113364.8,113385.34,24.48072
2025-08-05T18:45:00+00:00,113385.35,113490.0,113261.79,113419.99,32.37921
2025-08-05T18:50:00+00:00,113420.0,113581.77,113326.45,113581.76,31.30061
2025-08-05T18:55:00+00:00,113581.76,113644.72,113522.34,113644.71,40.03562
2025-08-05T19:00:00+00:00,113644.72,113762.68,113644.71,113746.52,46.22425
2025-08-05T19:05:00+00:00,113746.52,113755.7,113704.05,113734.81,12.62373
2025-08-05T19:10:00+00:00,113734.82,113763.27,113603.66,113603.66,18.09676
2025-08-05T19:15:00+00:00,113603.67,113666.76,113556.19,113660.64,22.53536
2025-08-05T19:20:00+00:00,113660.63,113706.7,113615.62,113655.48,19.78804
2025-08-05T19:25:00+00:00,113655.49,113655.49,113568.0,113611.61,15.07346
2025-08-05T19:30:00+00:00,113611.62,113675.83,113600.0,113655.76,10.61235
2025-08-05T19:35:00+00:00,113655.76,113681.42,113621.99,113672.01,11.59409
2025-08-05T19:40:00+00:00,113672.01,113672.01,113594.33,113604.88,12.81564
2025-08-05T19:45:00+00:00,113604.87,113658.46,113498.62,113498.62,30.01072
2025-08-05T19:50:00+00:00,113498.62,113507.23,113407.35,113501.4,28.35042
2025-08-05T19:55:00+00:00,113501.39,113702.63,113487.4,113616.52,28.38528
2025-08-05T20:00:00+00:00,113616.51,113766.85,113616.51,113762.1,19.75879
2025-08-05T20:05:00+00:00,113762.1,113806.02,113695.61,113806.01,17.40501
2025-08-05T20:10:00+00:00,113806.02,113814.18,113796.31,113814.17,10.68402
2025-08-05T20:15:00+00:00,113814.18,113846.15,113797.4,113846.15,12.88953
2025-08-05T20:20:00+00:00,113846.15,113929.65,113846.14,113849.96,15.80783
2025-08-05T20:25:00+00:00,113849.96,113989.97,113849.95,113989.91,29.84446
2025-08-05T20:30:00+00:00,113989.9,113989.91,113916.43,113916.43,10.01025
2025-08-05T20:35:00+00:00,113916.44,113916.44,113650.13,113650.14,47.72415
2025-08-05T20:40:00+00:00,113650.14,113708.9,113624.01,113658.77,17.80388
2025-08-05T20:45:00+00:00,113658.77,113678.91,113494.47,113509.98,24.7105
2025-08-05T20:50:00+00:00,113509.98,113588.79,113509.97,113575.49,9.35845
2025-08-05T20:55:00+00:00,113575.49,113690.71,113525.09,113690.71,26.47131
2025-08-05T21:00:00+00:00,113690.71,113771.44,113669.98,113771.44,15.19933
2025-08-05T21:05:00+00:00,113771.44,113862.45,113770.05,113804.2,18.67187
2025-08-05T21:10:00+00:00,113804.2,113804.2,113670.38,113676.0,18.90431
2025-08-05T21:15:00+00:00,113675.99,113800.0,113620.0,113800.0,45.7999
2025-08-05T21:20:00+00:00,113800.0,113831.38,113780.3,113801.22,9.32162
2025-08-05T21:25:00+00:00,113801.22,113848.31,113801.21,113848.3,3.65453
2025-08-05T21:30:00+00:00,113848.31,113848.31,113793.47,113848.03,8.89866
2025-08-05T21:35:00+00:00,113848.02,113848.03,113758.94,113758.94,10.0854
2025-08-05T21:40:00+00:00,113758.95,113761.25,113690.7,113690.7,11.11443
2025-08-05T21:45:00+00:00,113690.7,113690.71,113611.29,113613.02,8.70016
2025-08-05T21:50:00+00:00,113613.03,113613.03,113569.07,113606.53,16.49763
2025-08-05T21:55:00+00:00,113606.53,113637.77,113606.52,113606.53,16.57109
2025-08-05T22:00:00+00:00,113606.52,113606.52,113304.0,113355.56,63.30917
2025-08-05T22:05:00+00:00,113355.56,113641.53,113355.56,113618.0,35.22026
2025-08-05T22:10:00+00:00,113618.0,113792.64,113617.99,113769.77,15.36694
2025-08-05T22:15:00+00:00,113769.77,113843.93,113729.49,113771.6,22.50675
2025-08-05T22:20:00+00:00,113771.6,113833.97,113750.4,113833.97,10.05255
2025-08-05T22:25:00+00:00,113833.96,113873.07,113763.53,113873.07,19.03058
2025-08-05T22:30:00+00:00,113873.07,113915.0,113849.99,113890.52,17.38525
2025-08-05T22:35:00+00:00,113890.52,113937.73,113876.52,113930.0,21.63
2025-08-05T22:40:00+00:00,113930.0,113940.52,113875.27,113940.51,23.38143
2025-08-05T22:45:00+00:00,113940.52,113989.4,113915.72,113959.47,14.32972
2025-08-05T22:50:00+00:00,113959.48,113975.83,113959.47,113959.49,5.19315
2025-08-05T22:55:00+00:00,113959.49,113975.71,113918.4,113961.25,20.84027
2025-08-05T23:00:00+00:00,113961.25,114072.0,113918.4,114071.99,31.74156
2025-08-05T23:05:00+00:00,114071.99,114074.27,114040.96,114055.19,16.07037
2025-08-05T23:10:00+00:00,114055.19,114087.52,114055.19,114087.18,19.94004
2025-08-05T23:15:00+00:00,114087.18,114140.71,114067.21,114085.75,20.87505
2025-08-05T23:20:00+00:00,114085.76,114111.56,114022.98,114061.4,17.01026
2025-08-05T23:25:00+00:00,114061.39,114077.56,114020.0,114044.63,13.06842
2025-08-05T23:30:00+00:00,114044.64,114098.75,114040.0,114080.43,16.94081
2025-08-05T23:35:00+00:00,114080.43,114114.3,114080.43,114109.97,10.03552
2025-08-05T23:40:00+00:00,114109.97,114228.88,114109.97,114170.41,25.95675
2025-08-05T23:45:00+00:00,114170.42,114171.71,114136.36,114136.37,10.96531
2025-08-05T23:50:00+00:00,114136.37,114179.03,114131.09,114153.69,11.78386
2025-08-05T23:55:00+00:00,114153.7,114153.7,114114.3,114129.75,11.25101
2025-08-06T00:00:00+00:00,114129.75,114139.38,114044.12,114099.99,25.26251
2025-08-06T00:05:00+00:00,114099.99,114100.0,114016.55,114034.52,13.97223
2025-08-06T00:10:00+00:00,114034.52,114059.21,113955.03,114049.9,23.97565
2025-08-06T00:15:00+00:00,114049.9,114049.91,113952.6,113997.62,25.50626
2025-08-06T00:20:00+00:00,113997.63,114032.72,113970.66,113986.36,11.06042
2025-08-06T00:25:00+00:00,113986.37,114000.0,113928.93,113948.54,19.49736
2025-08-06T00:30:00+00:00,113948.54,113953.81,113882.85,113882.86,19.90428
2025-08-06T00:35:00+00:00,113882.86,114027.17,113871.31,114027.16,32.56609
2025-08-06T00:40:00+00:00,114027.16,114027.16,113926.9,113937.29,18.74039
2025-08-06T00:45:00+00:00,113937.29,113937.29,113760.2,113760.2,66.64922
2025-08-06T00:50:00+00:00,113760.2,113915.22,113748.67,113864.14,26.03947
2025-08-06T00:55:00+00:00,113864.14,113879.7,113804.76,113879.7,12.17372
2025-08-06T01:00:00+00:00,113879.69,113899.21,113771.39,113899.2,14.85358
2025-08-06T01:05:00+00:00,113899.2,113935.69,113860.0,113914.44,26.86664
2025-08-06T01:10:00+00:00,113914.44,113945.14,113830.42,113851.45,20.25766
2025-08-06T01:15:00+00:00,113851.46,113893.01,113712.6,113732.52,18.40082
2025-08-06T01:20:00+00:00,113732.51,113740.0,113620.0,113685.08,42.68269
2025-08-06T01:25:00+00:00,113685.08,113685.08,113588.77,113594.1,20.76298
2025-08-06T01:30:00+00:00,113594.1,113737.19,113588.77,113674.42,39.34653
2025-08-06T01:35:00+00:00,113674.42,113748.95,113604.38,113724.89,30.81598
2025-08-06T01:40:00+00:00,113724.9,113877.5,113724.89,113792.9,17.97056
2025-08-06T01:45:00+00:00,113792.91,113853.24,113673.82,113673.82,16.92296
2025-08-06T01:50:00+00:00,113673.82,113826.21,113673.82,113798.3,19.00326
2025-08-06T01:55:00+00:00,113798.31,113880.0,113798.3,113821.21,24.62519
2025-08-06T02:00:00+00:00,113820.77,113833.88,113772.53,113772.53,12.85132
2025-08-06T02:05:00+00:00,113772.54,113772.54,113623.39,113623.39,28.13055
2025-08-06T02:10:00+00:00,113623.4,113626.24,113491.76,113626.23,28.64325
2025-08-06T02:15:00+00:00,113626.23,113739.06,113611.29,113695.61,15.56307
2025-08-06T02:20:00+00:00,113695.61,113714.0,113662.85,113713.99,12.24009
2025-08-06T02:25:00+00:00,113714.0,113714.0,113640.38,113678.3,9.34995
2025-08-06T02:30:00+00:00,113678.3,113729.72,113648.44,113692.56,22.16788
2025-08-06T02:35:00+00:00,113692.55,113700.0,113542.91,113599.58,11.64573
2025-08-06T02:40:00+00:00,113599.58,113712.61,113566.86,113668.02,24.46353
2025-08-06T02:45:00+00:00,113668.02,113668.03,113566.35,113624.43,17.28796
2025-08-06T02:50:00+00:00,113624.43,113682.26,113604.04,113675.02,14.86401
2025-08-06T02:55:00+00:00,113675.02,113686.33,113596.73,113623.22,9.57893
2025-08-06T03:00:00+00:00,113623.23,113658.13,113523.53,113523.53,16.39751
2025-08-06T03:05:00+00:00,113523.53,113650.0,113500.0,113604.8,24.77835
2025-08-06T03:10:00+00:00,113604.79,113650.0,113604.79,113618.4,14.71919
2025-08-06T03:15:00+00:00,113618.39,113618.4,113522.54,113574.41,13.77613
2025-08-06T03:20:00+00:00,113574.41,113574.41,113463.81,113477.88,23.6086
2025-08-06T03:25:00+00:00,113477.88,113504.63,113400.0,113432.01,30.21118
2025-08-06T03:30:00+00:00,113432.02,113487.38,113425.37,113448.09,17.97767
2025-08-06T03:35:00+00:00,113448.08,113517.58,113448.08,113496.43,36.71573
2025-08-06T03:40:00+00:00,113496.42,113540.0,113469.44,113539.99,23.88395
2025-08-06T03:45:00+00:00,113540.0,113611.3,113534.02,113611.3,12.08553
2025-08-06T03:50:00+00:00,113611.3,113611.3,113548.47,113568.1,30.85912
2025-08-06T03:55:00+00:00,113568.1,113579.96,113509.97,113509.97,21.88196
2025-08-06T04:00:00+00:00,113509.98,113582.71,113459.28,113468.93,24.24304
2025-08-06T04:05:00+00:00,113468.93,113497.07,113430.9,113440.01,14.89517
2025-08-06T04:10:00+00:00,113440.0,113479.18,113387.81,113389.16,34.23189
2025-08-06T04:15:00+00:00,113389.17,113459.13,113386.89,113436.74,30.99857
2025-08-06T04:20:00+00:00,113436.74,113488.38,113427.02,113478.89,28.13502
2025-08-06T04:25:00+00:00,113478.89,113494.11,113464.2,113464.2,7.11595
2025-08-06T04:30:00+00:00,113464.21,113479.54,113446.23,113467.99,13.383
2025-08-06T04:35:00+00:00,113467.98,113467.99,113355.13,113395.79,13.76509
2025-08-06T04:40:00+00:00,113395.79,113408.67,113384.06,113408.67,18.67141
2025-08-06T04:45:00+00:00,113408.67,113441.14,113373.91,113420.62,9.75692
2025-08-06T04:50:00+00:00,113420.63,113473.78,113420.34,113420.35,23.38295
2025-08-06T04:55:00+00:00,113420.35,113436.9,113409.04,113429.21,30.40232
2025-08-06T05:00:00+00:00,113429.21,113517.58,113384.81,113517.58,22.09429
2025-08-06T05:05:00+00:00,113517.58,113815.94,113517.57,113815.93,77.37931
2025-08-06T05:10:00+00:00,113815.94,113932.19,113815.93,113927.69,41.85856
2025-08-06T05:15:00+00:00,113927.69,114138.78,113906.83,114057.01,75.5165
2025-08-06T05:20:00+00:00,114057.02,114088.46,113810.98,113871.11,33.48934
2025-08-06T05:25:00+00:00,113871.1,113994.67,113829.23,113927.19,23.39679
2025-08-06T05:30:00+00:00,113927.19,114016.56,113927.19,113986.65,19.71673
2025-08-06T05:35:00+00:00,113986.65,114417.02,113971.29,114407.99,141.32493
2025-08-06T05:40:00+00:00,114408.0,114416.0,114221.33,114244.53,68.40377
2025-08-06T05:45:00+00:00,114244.53,114320.0,114184.53,114211.54,35.98282
2025-08-06T05:50:00+00:00,114211.53,114211.54,114117.64,114146.22,41.6995
2025-08-06T05:55:00+00:00,114146.21,114160.03,114137.4,114148.01,21.84303
2025-08-06T06:00:00+00:00,114148.01,114180.0,113986.65,113986.66,21.60516
2025-08-06T06:05:00+00:00,113986.65,114080.0,113933.23,113933.23,30.47848
2025-08-06T06:10:00+00:00,113933.23,114021.55,113933.23,113994.16,17.88421
2025-08-06T06:15:00+00:00,113994.16,114082.54,113944.96,114060.01,23.45399
2025-08-06T06:20:00+00:00,114060.0,114099.58,114051.9,114073.92,17.52779
2025-08-06T06:25:00+00:00,114073.91,114073.91,113933.91,113988.01,25.00034
2025-08-06T06:30:00+00:00,113988.0,114058.54,113938.0,114007.51,27.18526
2025-08-06T06:35:00+00:00,114006.43,114096.28,114006.42,114065.53,18.09279
2025-08-06T06:40:00+00:00,114065.52,114139.75,114057.54,114057.54,25.291
2025-08-06T06:45:00+00:00,114057.55,114200.0,114057.55,114146.72,26.69194
2025-08-06T06:50:00+00:00,114146.72,114171.68,114106.02,114121.86,15.05836
2025-08-06T06:55:00+00:00,114121.86,114121.87,114034.89,114084.93,17.38196
2025-08-06T07:00:00+00:00,114084.92,114137.95,114019.66,114137.95,29.38741
2025-08-06T07:05:00+00:00,114137.95,114139.75,114085.52,114127.57,13.10326
2025-08-06T07:10:00+00:00,114127.56,114290.02,114124.29,114251.91,69.76434
2025-08-06T07:15:00+00:00,114251.91,114251.91,114199.37,114213.99,24.8942
2025-08-06T07:20:00+00:00,114214.0,114249.99,114194.48,114223.97,18.07768
2025-08-06T07:25:00+00:00,114223.97,114300.0,114223.96,114287.78,21.62923
2025-08-06T07:30:00+00:00,114287.78,114287.79,114227.1,114227.11,28.20977
2025-08-06T07:35:00+00:00,114227.11,114266.44,114183.21,114183.21,26.48898
2025-08-06T07:40:00+00:00,114183.22,114183.22,114112.12,114175.0,30.8907
2025-08-06T07:45:00+00:00,114175.0,114199.53,114156.4,114188.12,15.1524
2025-08-06T07:50:00+00:00,114188.12,114245.76,114171.28,114188.84,19.76143
2025-08-06T07:55:00+00:00,114188.84,114243.01,114188.84,114227.91,22.33313
2025-08-06T08:00:00+00:00,114227.9,114250.0,114144.49,114249.99,34.21969
2025-08-06T08:05:00+00:00,114249.99,114250.0,114081.08,114137.21,56.14018
2025-08-06T08:10:00+00:00,114137.22,114137.22,114033.32,114062.0,72.76553
2025-08-06T08:15:00+00:00,114062.0,114079.87,114000.0,114079.32,23.42162
2025-08-06T08:20:00+00:00,114079.31,114088.3,114067.2,114088.0,8.38243
2025-08-06T08:25:00+00:00,114087.99,114132.74,114069.35,114069.35,10.37002
2025-08-06T08:30:00+00:00,114069.36,114069.36,113954.24,113954.24,46.03402
2025-08-06T08:35:00+00:00,113954.25,113954.25,113884.0,113899.32,36.64438
2025-08-06T08:40:00+00:00,113899.21,113911.64,113768.0,113768.0,35.28496
2025-08-06T08:45:00+00:00,113768.01,113857.69,113727.57,113846.44,24.06203
2025-08-06T08:50:00+00:00,113846.44,113937.92,113836.79,113863.98,20.2043
2025-08-06T08:55:00+00:00,113863.99,113965.63,113863.99,113948.22,14.82713
2025-08-06T09:00:00+00:00,113948.23,113960.1,113906.96,113949.99,18.50082
2025-08-06T09:05:00+00:00,113949.99,113984.0,113940.01,113971.68,10.51638
2025-08-06T09:10:00+00:00,113971.69,114181.85,113920.06,114168.57,46.11923
2025-08-06T09:15:00+00:00,114168.58,114368.31,114168.57,114222.62,67.05876
2025-08-06T09:20:00+00:00,114222.62,114233.55,114110.51,114166.02,35.73931
2025-08-06T09:25:00+00:00,114166.02,114180.66,114100.69,114100.69,15.43155
2025-08-06T09:30:00+00:00,114100.69,114113.08,114054.26,114072.44,32.57723
2025-08-06T09:35:00+00:00,114072.45,114072.45,113972.84,113972.84,27.21088
2025-08-06T09:40:00+00:00,113972.84,113992.93,113949.86,113979.99,18.18395
2025-08-06T09:45:00+00:00,113979.99,114034.73,113974.41,114019.23,20.34797
2025-08-06T09:50:00+00:00,114019.23,114151.43,114019.22,114151.42,20.49132
2025-08-06T09:55:00+00:00,114151.43,114151.43,114064.18,114093.15,28.79597
2025-08-06T10:00:00+00:00,114093.15,114226.69,114080.01,114098.01,42.32269
2025-08-06T10:05:00+00:00,114098.01,114132.21,114048.23,114076.63,35.17441
2025-08-06T10:10:00+00:00,114076.63,114131.3,114047.75,114127.34,23.43297
2025-08-06T10:15:00+00:00,114127.34,114223.75,113964.21,113964.21,73.35012
2025-08-06T10:20:00+00:00,113964.21,113971.94,113899.2,113915.99,33.81526
2025-08-06T10:25:00+00:00,113916.0,113974.39,113900.58,113974.39,31.54008
2025-08-06T10:30:00+00:00,113974.38,114064.54,113940.18,114064.53,35.11996
2025-08-06T10:35:00+00:00,114064.54,114098.44,114018.81,114088.94,11.51712
2025-08-06T10:40:00+00:00,114088.94,114143.79,114080.0,114121.14,13.11174
2025-08-06T10:45:00+00:00,114121.14,114133.37,114029.33,114038.05,11.30578
2025-08-06T10:50:00+00:00,114038.05,114063.53,114029.33,114039.01,13.48176
2025-08-06T10:55:00+00:00,114039.0,114067.21,114031.87,114067.2,11.80114
2025-08-06T11:00:00+00:00,114067.2,114133.37,114067.2,114080.07,10.83534
2025-08-06T11:05:00+00:00,114080.08,114138.42,114007.86,114007.86,27.10943
2025-08-06T11:10:00+00:00,114007.87,114139.75,114007.85,114139.74,25.93828
2025-08-06T11:15:00+00:00,114139.74,114215.1,114139.74,114215.09,14.06703
2025-08-06T11:20:00+00:00,114215.09,114242.67,114169.41,114215.1,22.18759
2025-08-06T11:25:00+00:00,114215.09,114242.53,114207.97,114240.7,11.12515
2025-08-06T11:30:00+00:00,114240.71,114404.23,114240.71,114306.39,57.64761
2025-08-06T11:35:00+00:00,114306.39,114350.42,114297.14,114350.41,6.03832
2025-08-06T11:40:00+00:00,114350.41,114350.42,114270.15,114315.08,14.64153
2025-08-06T11:45:00+00:00,114315.08,114315.09,114223.57,114223.57,17.77575
2025-08-06T11:50:00+00:00,114223.57,114223.57,114187.99,114204.99,6.89097
2025-08-06T11:55:00+00:00,114205.0,114226.69,114170.69,114226.69,6.73795
2025-08-06T12:00:00+00:00,114226.68,114332.88,114226.68,114332.88,61.86145
2025-08-06T12:05:00+00:00,114332.88,114333.59,114245.99,114246.03,12.34058
2025-08-06T12:10:00+00:00,114246.02,114246.02,113933.52,113955.95,26.83104
2025-08-06T12:15:00+00:00,113955.95,114126.27,113809.02,114126.27,43.70667
2025-08-06T12:20:00+00:00,114126.26,114196.0,114111.47,114143.46,21.70816
2025-08-06T12:25:00+00:00,114143.46,114143.46,114064.8,114067.2,16.92214
2025-08-06T12:30:00+00:00,114067.21,114226.69,114060.03,114225.99,24.80294
2025-08-06T12:35:00+00:00,114226.0,114255.0,114188.63,114212.38,16.44638
2025-08-06T12:40:00+00:00,114212.38,114220.0,114060.49,114060.49,18.3908
2025-08-06T12:45:00+00:00,114060.48,114093.72,114000.0,114000.01,20.99782
2025-08-06T12:50:00+00:00,114000.0,114000.0,113919.33,113937.48,21.36862
2025-08-06T12:55:00+00:00,113937.48,113959.48,113884.51,113914.31,20.69328
2025-08-06T13:00:00+00:00,113914.31,114026.06,113914.31,113934.73,16.71634
2025-08-06T13:05:00+00:00,113934.73,113934.73,113852.99,113870.0,14.73423
2025-08-06T13:10:00+00:00,113869.99,113893.51,113825.84,113893.51,28.581
2025-08-06T13:15:00+00:00,113893.5,113893.51,113835.44,113860.01,23.21304
2025-08-06T13:20:00+00:00,113860.01,113958.82,113850.59,113932.25,29.29017
2025-08-06T13:25:00+00:00,113932.24,113952.69,113864.57,113904.0,16.04919
2025-08-06T13:30:00+00:00,113906.8,114117.87,113827.52,113978.7,48.16396
2025-08-06T13:35:00+00:00,113978.69,114048.0,113579.9,114048.0,116.22128
2025-08-06T13:40:00+00:00,114047.99,114208.0,114013.75,114171.0,90.92297
2025-08-06T13:45:00+00:00,114171.0,114390.88,114008.47,114167.68,150.15135
2025-08-06T13:50:00+00:00,114167.68,114302.3,113903.66,114301.11,73.99465
2025-08-06T13:55:00+00:00,114301.11,114328.06,114150.09,114270.09,63.15682
2025-08-06T14:00:00+00:00,114270.09,114488.46,114236.03,114334.81,110.9761
2025-08-06T14:05:00+00:00,114334.81,114500.0,114295.45,114408.64,70.31031
2025-08-06T14:10:00+00:00,114408.63,114408.64,114248.01,114250.67,34.79917
2025-08-06T14:15:00+00:00,114250.66,114298.62,114088.59,114258.05,48.95955
2025-08-06T14:20:00+00:00,114258.05,114332.32,113946.0,113955.46,49.72502
2025-08-06T14:25:00+00:00,113955.47,114094.4,113869.88,114094.39,52.59479
2025-08-06T14:30:00+00:00,114094.39,114226.76,114020.0,114226.76,40.60969
2025-08-06T14:35:00+00:00,114226.75,114309.21,114201.55,114230.3,36.5112
2025-08-06T14:40:00+00:00,114226.68,114367.79,114177.4,114300.96,38.41568
2025-08-06T14:45:00+00:00,114300.95,114374.43,114249.04,114286.12,30.78047
2025-08-06T14:50:00+00:00,114286.13,114444.0,114157.96,114443.99,58.91331
2025-08-06T14:55:00+00:00,114443.99,115200.0,114435.7,115187.96,469.07366
2025-08-06T15:00:00+00:00,115187.96,115300.0,114977.45,114987.93,251.2261
2025-08-06T15:05:00+00:00,114987.93,114987.93,114832.38,114955.28,206.38508
2025-08-06T15:10:00+00:00,114955.27,115052.0,114848.0,115030.0,73.05812
2025-08-06T15:15:00+00:00,115030.0,115080.36,114923.66,115052.61,88.37147
2025-08-06T15:20:00+00:00,115052.61,115069.87,114913.88,114919.53,62.19697
2025-08-06T15:25:00+00:00,114919.54,115000.0,114873.57,114947.89,43.8124
2025-08-06T15:30:00+00:00,114947.9,115271.08,114935.26,115271.07,116.48659
2025-08-06T15:35:00+00:00,115271.07,115345.0,115231.47,115248.0,285.34298
2025-08-06T15:40:00+00:00,115248.0,115253.28,115117.74,115205.19,73.98549
2025-08-06T15:45:00+00:00,115205.18,115244.17,115124.79,115139.56,50.91335
2025-08-06T15:50:00+00:00,115139.56,115333.65,115137.56,115324.99,47.5174
2025-08-06T15:55:00+00:00,115324.99,115515.09,115324.99,115413.87,191.45035
2025-08-06T16:00:00+00:00,115413.87,115471.61,115328.37,115426.05,88.61107
2025-08-06T16:05:00+00:00,115426.04,115477.06,115345.73,115374.75,56.32804
2025-08-06T16:10:00+00:00,115374.75,115374.75,115128.79,115204.77,107.05846
2025-08-06T16:15:00+00:00,115204.76,115268.89,115179.96,115200.0,86.5206
2025-08-06T16:20:00+00:00,115200.0,115200.0,115046.01,115116.09,90.60251
2025-08-06T16:25:00+00:00,115116.09,115199.0,115100.09,115128.91,40.13642
2025-08-06T16:30:00+00:00,115128.92,115200.0,115111.0,115181.05,25.9163
2025-08-06T16:35:00+00:00,115181.06,115181.06,115057.02,115102.05,28.18529
2025-08-06T16:40:00+00:00,115102.05,115119.99,114948.56,114955.11,25.10751
2025-08-06T16:45:00+00:00,114955.1,115100.0,114942.18,115081.86,45.81159
2025-08-06T16:50:00+00:00,115081.85,115167.58,115038.89,115134.62,26.12582
2025-08-06T16:55:00+00:00,115134.61,115154.65,115095.7,115132.49,21.98498
2025-08-06T17:00:00+00:00,115132.49,115179.65,115095.7,115131.02,23.18076
2025-08-06T17:05:00+00:00,115131.01,115131.02,115024.0,115105.99,17.40397
2025-08-06T17:10:00+00:00,115106.0,115153.25,115068.87,115153.24,11.10075
2025-08-06T17:15:00+00:00,115153.25,115209.91,115153.24,115209.91,38.0633
2025-08-06T17:20:00+00:00,115209.91,115269.36,115195.05,115238.49,24.32199
2025-08-06T17:25:00+00:00,115238.5,115360.38,115216.29,115360.0,109.34302
2025-08-06T17:30:00+00:00,115360.0,115360.01,115231.16,115297.8,29.21794
2025-08-06T17:35:00+00:00,115297.81,115370.55,115297.8,115370.55,12.93346
2025-08-06T17:40:00+00:00,115370.55,115460.71,115362.01,115460.71,32.83113
2025-08-06T17:45:00+00:00,115460.7,115514.28,115426.15,115458.12,57.32591
2025-08-06T17:50:00+00:00,115458.12,115492.85,115389.34,115433.37,24.26602
2025-08-06T17:55:00+00:00,115433.37,115500.02,115433.36,115500.0,12.99384
2025-08-06T18:00:00+00:00,115500.0,115661.21,115500.0,115661.21,114.76527
2025-08-06T18:05:00+00:00,115661.21,115661.21,115548.72,115640.36,35.17166
2025-08-06T18:10:00+00:00,115640.36,115692.52,115568.07,115692.37,30.91345
2025-08-06T18:15:00+00:00,115692.38,115716.0,115645.59,115645.6,54.87054
2025-08-06T18:20:00+00:00,115645.6,115645.6,115473.75,115474.08,49.61862
2025-08-06T18:25:00+00:00,115474.07,115500.0,115426.65,115426.66,48.03504
